{"cameraMode":{"drawMode":0,"name":"Shaded","section":"Shading Mode"},"sceneLighting":true,"audioPlay":false,"sceneViewState":{"showFog":false,"showMaterialUpdate":false,"showSkybox":false,"showFlares":false,"showImageEffects":false,"showParticleSystems":false},"in2DMode":false,"pivot":{"x":35.83210754394531,"y":53.347503662109378,"z":-4.826324462890625},"rotation":{"x":-0.07992179691791535,"y":0.35098797082901,"z":0.030082887038588525,"w":0.932479202747345},"size":82.544677734375,"orthographic":true}